<?xml version="1.0" encoding="utf-8" ?>
<dwsync>
<file name="bootstrap-transition.js" server="tiendavirtual.webege.com/public_html/" local="130077912660000000" remote="130114714800000000" Dst="2" />
<file name="bootstrap-alert.js" server="tiendavirtual.webege.com/public_html/" local="130077912660000000" remote="130114714800000000" Dst="2" />
<file name="bootstrap-modal.js" server="tiendavirtual.webege.com/public_html/" local="130077912660000000" remote="130114714800000000" Dst="2" />
<file name="bootstrap-dropdown.js" server="tiendavirtual.webege.com/public_html/" local="130077912660000000" remote="130114714800000000" Dst="2" />
<file name="bootstrap-scrollspy.js" server="tiendavirtual.webege.com/public_html/" local="130077912660000000" remote="130114714800000000" Dst="2" />
<file name="jquery.js" server="tiendavirtual.webege.com/public_html/" local="130077912660000000" remote="130114714800000000" Dst="2" />
<file name="bootstrap-tab.js" server="tiendavirtual.webege.com/public_html/" local="130077912660000000" remote="130114714800000000" Dst="2" />
<file name="bootstrap-popover.js" server="tiendavirtual.webege.com/public_html/" local="130077912660000000" remote="130114714800000000" Dst="2" />
<file name="bootstrap-button.js" server="tiendavirtual.webege.com/public_html/" local="130077912660000000" remote="130114714800000000" Dst="2" />
<file name="bootstrap-tooltip.js" server="tiendavirtual.webege.com/public_html/" local="130077912660000000" remote="130114714800000000" Dst="2" />
<file name="bootstrap-collapse.js" server="tiendavirtual.webege.com/public_html/" local="130077912660000000" remote="130114714800000000" Dst="2" />
<file name="bootstrap-carousel.js" server="tiendavirtual.webege.com/public_html/" local="130077912660000000" remote="130114714800000000" Dst="2" />
<file name="bootstrap-typeahead.js" server="tiendavirtual.webege.com/public_html/" local="130077912660000000" remote="130114714800000000" Dst="2" />
</dwsync>